{
  "BatteryBornPos": [
    { "x": -680.0, "y": 0.0, "z": 120.0 },
    { "x": -680.0, "y": 0.0, "z": 700.0 },
    { "x": -1410.0, "y": 0.0, "z": 700.0 },
    { "x": -1410.0, "y": 0.0, "z": 420.0 },
    { "x": -1270.0, "y": 0.0, "z": 420.0 },
    { "x": -1270.0, "y": 0.0, "z": 120.0 },
    { "x": -1410.0, "y": 0.0, "z": -120.0 },
    { "x": -1270.0, "y": 0.0, "z": -120.0 },
    { "x": -1270.0, "y": 0.0, "z": -420.0 },
    { "x": -1410.0, "y": 0.0, "z": -420.0 },
    { "x": -1410.0, "y": 0.0, "z": -710.0 },
    { "x": -510.0, "y": 0.0, "z": -710.0 },
    { "x": -510.0, "y": 0.0, "z": -270.0 },
    { "x": 60.0, "y": 0.0, "z": -270.0 },
    { "x": 60.0, "y": 0.0, "z": -710.0 },
    { "x": 1410.0, "y": 0.0, "z": -710.0 },
    { "x": 1410.0, "y": 0.0, "z": 120.0 },
    { "x": 1270.0, "y": 0.0, "z": 120.0 },
    { "x": 1270.0, "y": 0.0, "z": 420.0 },
    { "x": 1410.0, "y": 0.0, "z": 420.0 },
    { "x": 1410.0, "y": 0.0, "z": 720.0 },
    { "x": 520.0, "y": 0.0, "z": 720.0 },
    { "x": 520.0, "y": 0.0, "z": 120.0 },
    { "x": 80.0, "y": 0.0, "z": 120.0 },
    { "x": 80.0, "y": 0.0, "z": -30.0 },
    { "x": -220.0, "y": 0.0, "z": -30.0 },
    { "x": -220.0, "y": 0.0, "z": 120.0 }
  ]
}