{
  "AiGotoPos": [
    { "x": -680.0, "y": 0.0, "z": 120.0 },
    { "x": -680.0, "y": 0.0, "z": 700.0 },
    { "x": -1410.0, "y": 0.0, "z": 700.0 },
    { "x": -1410.0, "y": 0.0, "z": 420.0 },
    { "x": -1270.0, "y": 0.0, "z": 420.0 },
    { "x": -1270.0, "y": 0.0, "z": 120.0 },
    { "x": -1410.0, "y": 0.0, "z": 120.0 },
    { "x": -1410.0, "y": 0.0, "z": -120.0 },
    { "x": -1270.0, "y": 0.0, "z": -120.0 },
    { "x": -1270.0, "y": 0.0, "z": -420.0 },
    { "x": -1410.0, "y": 0.0, "z": -420.0 },
    { "x": -1410.0, "y": 0.0, "z": -710.0 },
    { "x": -510.0, "y": 0.0, "z": -710.0 },
    { "x": -510.0, "y": 0.0, "z": -270.0 },
    { "x": 60.0, "y": 0.0, "z": -270.0 },
    { "x": 60.0, "y": 0.0, "z": -710.0 },
    { "x": 1410.0, "y": 0.0, "z": -710.0 },
    { "x": 1410.0, "y": 0.0, "z": 120.0 },
    { "x": 1270.0, "y": 0.0, "z": 120.0 },
    { "x": 1270.0, "y": 0.0, "z": 420.0 },
    { "x": 1410.0, "y": 0.0, "z": 420.0 },
    { "x": 1410.0, "y": 0.0, "z": 720.0 },
    { "x": 520.0, "y": 0.0, "z": 720.0 },
    { "x": 520.0, "y": 0.0, "z": 120.0 },
    { "x": 80.0, "y": 0.0, "z": 120.0 },
    { "x": 80.0, "y": 0.0, "z": -30.0 },
    { "x": -220.0, "y": 0.0, "z": -30.0 },
    { "x": -220.0, "y": 0.0, "z": 120.0 },
    { "x": -510.0, "y": 0.0, "z": 120.0 }
  ],
  "Anchors": [
    { "pos": 0, "canGoNo": [1, 5, 28] },
    { "pos": 1, "canGoNo": [0, 2] },
    { "pos": 2, "canGoNo": [1, 3] },
    { "pos": 3, "canGoNo": [2, 4] },
    { "pos": 4, "canGoNo": [3, 5] },
    { "pos": 5, "canGoNo": [0, 4, 6] },
    { "pos": 6, "canGoNo": [5, 7] },
    { "pos": 7, "canGoNo": [6, 8] },
    { "pos": 8, "canGoNo": [7, 9] },
    { "pos": 9, "canGoNo": [8, 10] },
    { "pos": 10, "canGoNo": [9, 11] },
    { "pos": 11, "canGoNo": [10, 12] },
    { "pos": 12, "canGoNo": [11, 13] },
    { "pos": 13, "canGoNo": [12, 14, 28] },
    { "pos": 14, "canGoNo": [13, 15, 25] },
    { "pos": 15, "canGoNo": [14, 16] },
    { "pos": 16, "canGoNo": [15, 17] },
    { "pos": 17, "canGoNo": [16, 18] },
    { "pos": 18, "canGoNo": [17, 19, 23] },
    { "pos": 19, "canGoNo": [18, 20] },
    { "pos": 20, "canGoNo": [19, 21] },
    { "pos": 21, "canGoNo": [20, 22] },
    { "pos": 22, "canGoNo": [21, 23] },
    { "pos": 23, "canGoNo": [18, 22, 24] },
    { "pos": 24, "canGoNo": [23, 25] },
    { "pos": 25, "canGoNo": [14, 24, 26] },
    { "pos": 26, "canGoNo": [25, 27] },
    { "pos": 27, "canGoNo": [26, 28] },
    { "pos": 28, "canGoNo": [0, 13, 27] }
  ]
}
