{
		  "BEFORE": [
		    {
		      "category": "PUSH",
		      "UP_L": [-20.0, 200.0, 0.0],
		      "UP_R": [20.0, 200.0, 0.0],
		      "DOWN_L": [-20.0, 0.0, 0.0],
		      "DOWN_R": [20.0, 0.0, 0.0]
		    }
		  ],
		  "PUNISH": [
		    {
		      "category": "PUSH",
		      "UP_L": [-20.0, 200.0, 0.0],
		      "UP_R": [20.0, 200.0, 0.0],
		      "DOWN_L": [-20.0, 0.0, 0.0],
		      "DOWN_R": [20.0, 0.0, 0.0]
		    },
		    {
		      "category": "PAIN",
		      "UP_L": [-20.0, 200.0, 0.0],
		      "UP_R": [60.0, 200.0, 0.0],
		      "DOWN_L": [-20.0, 0.0, 0.0],
		      "DOWN_R": [60.0, 0.0, 0.0]
		    }
		  ],
		  "ATTACKING": [
		    {
		      "category": "PUSH",
		      "UP_L": [-20.0, 200.0, 0.0],
		      "UP_R": [60.0, 200.0, 0.0],
		      "DOWN_L": [-20.0, 0.0, 0.0],
		      "DOWN_R": [60.0, 0.0, 0.0]
		    },
		    {
		      "category": "ATTACK",
		      "UP_L": [0.0, 200.0, 0.0],
		      "UP_R": [105.0, 200.0, 0.0],
		      "DOWN_L": [0.0, 50.0, 0.0],
		      "DOWN_R": [105.0, 50.0, 0.0]
		    },
		    {
		      "category": "ATTACK",
		      "UP_L": [-20.0, 200.0, 0.0],
		      "UP_R": [80.0, 220.0, 0.0],
		      "DOWN_L": [-20.0, 180.0, 0.0],
		      "DOWN_R": [80.0, 180.0, 0.0]
		    }
		  ]
		}