{
 "JSON_TYPE": "HITBOX_DATA",
  "BEFORE": [
    {
      "category": "PAIN",
      "UP_L": [-20.0, 140.0, 0.0],
      "UP_R": [60.0, 140.0, 0.0],
      "DOWN_L": [-20.0, 0.0, 0.0],
      "DOWN_R": [60.0, 0.0, 0.0]
    },
    {
      "category": "PUSH",
      "UP_L": [-20.0, 140.0, 0.0],
      "UP_R": [20.0, 140.0, 0.0],
      "DOWN_L": [-20.0, 0.0, 0.0],
      "DOWN_R": [20.0, 0.0, 0.0]
    }
  ],
  "PUNISH": [
    {
      "category": "PAIN",
      "UP_L": [-20.0, 140.0, 0.0],
      "UP_R": [60.0, 140.0, 0.0],
      "DOWN_L": [-20.0, 0.0, 0.0],
      "DOWN_R": [60.0, 0.0, 0.0]
    },
    {
      "category": "PUSH",
      "UP_L": [-20.0, 140.0, 0.0],
      "UP_R": [20.0, 140.0, 0.0],
      "DOWN_L": [-20.0, 0.0, 0.0],
      "DOWN_R": [20.0, 0.0, 0.0]
    },
    {
      "category": "PAIN",
      "UP_L": [0.0, 30.0, 0.0],
      "UP_R": [115.0, 30.0, 0.0],
      "DOWN_L": [0.0, 0.0, 0.0],
      "DOWN_R": [115.0, 0.0, 0.0]
    }
  ],
  "ATTACKING": [
    {
      "category": "PAIN",
      "UP_L": [-20.0, 140.0, 0.0],
      "UP_R": [60.0, 140.0, 0.0],
      "DOWN_L": [-20.0, 0.0, 0.0],
      "DOWN_R": [60.0, 0.0, 0.0]
    },
    {
      "category": "PUSH",
      "UP_L": [-20.0, 140.0, 0.0],
      "UP_R": [20.0, 140.0, 0.0],
      "DOWN_L": [-20.0, 0.0, 0.0],
      "DOWN_R": [20.0, 0.0, 0.0]
    },
    {
      "category": "PAIN",
      "UP_L": [0.0, 30.0, 0.0],
      "UP_R": [115.0, 30.0, 0.0],
      "DOWN_L": [0.0, 0.0, 0.0],
      "DOWN_R": [115.0, 0.0, 0.0]
    },
    {
      "category": "ATTACK",
      "UP_L": [0.0, 30.0, 0.0],
      "UP_R": [115.0, 30.0, 0.0],
      "DOWN_L": [0.0, 0.0, 0.0],
      "DOWN_R": [115.0, 0.0, 0.0]
    }
  ]
}