{
 "JSON_TYPE": "ATTACK_DATA",
 "MIDDLE_2": {
  "damage": 500,
  "canCancel": ["HI_5", "HI_2", "SPECIAL_2", "COMMAND"],
  "startHitFrame": 8,
  "activeHitFrame": 2,
  "punishFrame": 19,
  "allFrame": 29,
  "blockstunFrame": 15,
  "guardDir": "LOW",
  "hitType": "NORMAL",
  "recoveryFrame": 22,
  "animationType": {
    "MIDDLE": "ATTACK_2M"
  },
  "knockbackDirHit": [30.0, 0.0, 0.0],
  "knockbackDirGuard": [30.0, 0.0, 0.0],
  "level": "ONE1",
  "cancelTime": 6,
  "colMapAtk":"2M.json"
}
}
