{
 "JSON_TYPE": "ATTACK_DATA",
  "SPECIAL_2": {
	    "damage": 600,
	    "canCancel": [
	      "NONE"
	    ],
	    "startHitFrame": 9,
	    "activeHitFrame": 2,
	    "punishFrame":23,
	    "allFrame": 34,
	    "blockstunFrame": 16,
	    "guardDir": "LOW",
	    "hitType": "DOWN",
	    "recoveryFrame": 24,
	    "animationType": {
	      "MIDDLE": "ATTACK_2S"
	    },
	    "knockbackDirHit": [30.0, 0.0, 0.0],
	    "knockbackDirGuard": [30.0, 0.0, 0.0],
	    "level": "ONE1",
	    "cancelTime": 6,
	    "colMapAtk": "2S.json"
	}
}