{
 "JSON_TYPE": "ATTACK_DATA",
  "SPECIAL_5": {
	    "damage": 700,
	    "canCancel": [
	      "NONE"
	    ],
	    "startHitFrame": 22,
	    "activeHitFrame": 2,
	    "punishFrame":21,
	    "allFrame": 45,
	    "blockstunFrame": 16,
	    "guardDir": "MIDDLE",
	    "hitType": "NORMAL",
	    "recoveryFrame": 24,
	    "animationType": {
	      "MIDDLE": "ATTACK_5S"
	    },
	    "knockbackDirHit": [30.0, 0.0, 0.0],
	    "knockbackDirGuard": [30.0, 0.0, 0.0],
	    "level": "ONE1",
	    "cancelTime": 6,
	    "colMapAtk": "5S.json"
	}
}