{
 "JSON_TYPE": "ATTACK_DATA",
  "LOW_J": {
	    "damage": 600,
	    "canCancel": [
	      "NONE"
	    ],
	    "startHitFrame": 5,
	    "activeHitFrame": 10,
	    "punishFrame":10,
	    "allFrame": 25,
	    "blockstunFrame": 10,
	    "guardDir": "MIDDLE",
	    "hitType": "NORMAL",
	    "recoveryFrame": 14,
	    "animationType": {
	      "MIDDLE": "ATTACK_JL"
	    },
	    "knockbackDirHit": [30.0, 0.0, 0.0],
	    "knockbackDirGuard": [30.0, 0.0, 0.0],
	    "level": "ONE1",
	    "cancelTime": 6,
	    "colMapAtk": "JL.json"
	}
}