{
    "IDLE": [
        {
            "category": "PUSH",
            "collision": {
                "UP_L": [-30.0, 200.0, 0.0],
                "UP_R": [20.0, 200.0, 0.0],
                "DOWN_L": [-30.0, 0.0, 0.0],
                "DOWN_R": [20.0, 0.0, 0.0]
            }
        },
        {
            "category": "PAIN",
            "collision": {
                "UP_L": [-30.0, 200.0, 0.0],
                "UP_R": [20.0, 200.0, 0.0],
                "DOWN_L": [-30.0, 0.0, 0.0],
                "DOWN_R": [20.0, 0.0, 0.0]
            }
        }
    ],
    "MOVE": [
        {
            "category": "PUSH",
            "collision": {
                "UP_L": [-30.0, 200.0, 0.0],
                "UP_R": [20.0, 200.0, 0.0],
                "DOWN_L": [-30.0, 0.0, 0.0],
                "DOWN_R": [20.0, 0.0, 0.0]
            }
        },
        {
            "category": "PAIN",
            "collision": {
                "UP_L": [-30.0, 200.0, 0.0],
                "UP_R": [20.0, 200.0, 0.0],
                "DOWN_L": [-30.0, 0.0, 0.0],
                "DOWN_R": [20.0, 0.0, 0.0]
            }
        }
    ],
    "PAIN": [
        {
            "category": "PUSH",
            "collision": {
                "UP_L": [-30.0, 200.0, 0.0],
                "UP_R": [20.0, 200.0, 0.0],
                "DOWN_L": [-30.0, 0.0, 0.0],
                "DOWN_R": [20.0, 0.0, 0.0]
            }
        },
        {
            "category": "PAIN",
            "collision": {
                "UP_L": [-30.0, 200.0, 0.0],
                "UP_R": [20.0, 200.0, 0.0],
                "DOWN_L": [-30.0, 0.0, 0.0],
                "DOWN_R": [20.0, 0.0, 0.0]
            }
        }
    ],
    "JUMP": [
        {
            "category": "PUSH",
            "collision": {
                "UP_L": [-30.0, 180.0, 0.0],
                "UP_R": [20.0, 180.0, 0.0],
                "DOWN_L": [-30.0, 60.0, 0.0],
                "DOWN_R": [20.0, 60.0, 0.0]
            }
        },
        {
            "category": "PAIN",
            "collision": {
                "UP_L": [-20.0, 180.0, 0.0],
                "UP_R": [70.0, 180.0, 0.0],
                "DOWN_L": [-20.0, 60.0, 0.0],
                "DOWN_R": [70.0, 60.0, 0.0]
            }
        }
    ],
    "CROUCH": [
        {
            "category": "PUSH",
            "collision": {
                "UP_L": [-30.0, 140.0, 0.0],
                "UP_R": [20.0, 140.0, 0.0],
                "DOWN_L": [-30.0, 0.0, 0.0],
                "DOWN_R": [20.0, 0.0, 0.0]
            }
        },
        {
            "category": "PAIN",
            "collision": {
                "UP_L": [-30.0, 140.0, 0.0],
                "UP_R": [60.0, 140.0, 0.0],
                "DOWN_L": [-30.0, 0.0, 0.0],
                "DOWN_R": [60.0, 0.0, 0.0]
            }
        }
    ],
    "DOWN": [
        {
            "category": "PUSH",
            "collision": {
                "UP_L": [-20.0, 50.0, 0.0],
                "UP_R": [20.0, 50.0, 0.0],
                "DOWN_L": [-20.0, 0.0, 0.0],
                "DOWN_R": [20.0, 0.0, 0.0]
            }
        }
    ],
    "DEAD": [
        {
            "category": "PUSH",
            "collision": {
                "UP_L": [-20.0, 50.0, 0.0],
                "UP_R": [20.0, 50.0, 0.0],
                "DOWN_L": [-20.0, 0.0, 0.0],
                "DOWN_R": [20.0, 0.0, 0.0]
            }
        }
    ]
}
