{
  "NONE": {
	    "damage": 0,
	    "canCancel": [
	      "ALL"
	    ],
	    "startHitFrame": 0,
	    "activeHitFrame": 0,
	    "punishFrame":0,
	    "allFrame": 0,
	    "blockstunFrame": 0,
	    "guardDir": "HI",
	    "hitType": "NORMAL",
	    "recoveryFrame": 0,
	    "animationType": {
	      "MIDDLE": "NONE"
	    },
	    "knockbackDirHit": [30.0, 0.0, 0.0],
	    "knockbackDirGuard": [30.0, 0.0, 0.0],
	    "level": "ONE1",
	    "cancelTime": 0,
	    "colMapAtk": "NONE.json"
	}
}