{
 "JSON_TYPE": "HITBOX_DATA",
    "BEFORE": [
      {
        "category": "PAIN",
        "UP_L": [-20.0, 140.0, 0.0],
        "UP_R": [80.0, 140.0, 0.0],
        "DOWN_L": [-20.0, 0.0, 0.0],
        "DOWN_R": [80.0, 0.0, 0.0]
      },
      {
        "category": "PUSH",
        "UP_L": [-20.0, 140.0, 0.0],
        "UP_R": [20.0, 140.0, 0.0],
        "DOWN_L": [-20.0, 0.0, 0.0],
        "DOWN_R": [20.0, 0.0, 0.0]
      }
    ],
    "PUNISH": [
      {
        "category": "PAIN",
        "UP_L": [-20.0, 140.0, 0.0],
        "UP_R": [80.0, 140.0, 0.0],
        "DOWN_L": [-20.0, 0.0, 0.0],
        "DOWN_R": [80.0, 0.0, 0.0]
      },
      {
        "category": "PUSH",
        "UP_L": [-20.0, 140.0, 0.0],
        "UP_R": [20.0, 140.0, 0.0],
        "DOWN_L": [-20.0, 0.0, 0.0],
        "DOWN_R": [20.0, 0.0, 0.0]
      },
      {
        "category": "PAIN",
        "UP_L": [0.0, 120.0, 0.0],
        "UP_R": [140.0, 120.0, 0.0],
        "DOWN_L": [0.0, 90.0, 0.0],
        "DOWN_R": [140.0, 90.0, 0.0]
      }
    ],
    "ATTACKING": [
      {
        "category": "PAIN",
        "UP_L": [-20.0, 140.0, 0.0],
        "UP_R": [80.0, 140.0, 0.0],
        "DOWN_L": [-20.0, 0.0, 0.0],
        "DOWN_R": [80.0, 0.0, 0.0]
      },
      {
        "category": "PUSH",
        "UP_L": [-20.0, 140.0, 0.0],
        "UP_R": [20.0, 140.0, 0.0],
        "DOWN_L": [-20.0, 0.0, 0.0],
        "DOWN_R": [20.0, 0.0, 0.0]
      },
      {
        "category": "PAIN",
        "UP_L": [0.0, 120.0, 0.0],
        "UP_R": [140.0, 120.0, 0.0],
        "DOWN_L": [0.0, 90.0, 0.0],
        "DOWN_R": [140.0, 90.0, 0.0]
      },
      {
        "category": "ATTACK",
        "UP_L": [0.0, 120.0, 0.0],
        "UP_R": [140.0, 120.0, 0.0],
        "DOWN_L": [0.0, 90.0, 0.0],
        "DOWN_R": [140.0, 90.0, 0.0]
      }
    ]
  }