{
 "JSON_TYPE": "HITBOX_DATA",
		  "BEFORE": [
		    {
		      "category": "PAIN",
		      "UP_L": [-30.0, 220.0, 0.0],
		      "UP_R": [20.0, 220.0, 0.0],
		      "DOWN_L": [-30.0, 105.0, 0.0],
		      "DOWN_R": [20.0, 105.0, 0.0]
		    },
		    {
		      "category": "PUSH",
		      "UP_L": [-30.0, 220.0, 0.0],
		      "UP_R": [20.0, 220.0, 0.0],
		      "DOWN_L": [-30.0, 105.0, 0.0],
		      "DOWN_R": [20.0, 105.0, 0.0]
		    },
		    {
		      "category": "PAIN",
		      "UP_L": [-35.0, 140.0, 0.0],
		      "UP_R": [80.0, 140.0, 0.0],
		      "DOWN_L": [-35.0, 100.0, 0.0],
		      "DOWN_R": [80.0, 100.0, 0.0]
		    }
		  ],
		  "PUNISH": [
		    {
		      "category": "PAIN",
		      "UP_L": [-30.0, 220.0, 0.0],
		      "UP_R": [20.0, 220.0, 0.0],
		      "DOWN_L": [-30.0, 105.0, 0.0],
		      "DOWN_R": [20.0, 105.0, 0.0]
		    },
		    {
		      "category": "PUSH",
		      "UP_L": [-30.0, 220.0, 0.0],
		      "UP_R": [20.0, 220.0, 0.0],
		      "DOWN_L": [-30.0, 105.0, 0.0],
		      "DOWN_R": [20.0, 105.0, 0.0]
		    },
		    {
		      "category": "PAIN",
		      "UP_L": [-35.0, 140.0, 0.0],
		      "UP_R": [80.0, 140.0, 0.0],
		      "DOWN_L": [-35.0, 100.0, 0.0],
		      "DOWN_R": [80.0, 100.0, 0.0]
		    }
		  ],
		  "ATTACKING": [
		    {
		      "category": "PAIN",
		      "UP_L": [-30.0, 220.0, 0.0],
		      "UP_R": [20.0, 220.0, 0.0],
		      "DOWN_L": [-30.0, 105.0, 0.0],
		      "DOWN_R": [20.0, 105.0, 0.0]
		    },
		    {
		      "category": "PUSH",
		      "UP_L": [-30.0, 220.0, 0.0],
		      "UP_R": [20.0, 220.0, 0.0],
		      "DOWN_L": [-30.0, 105.0, 0.0],
		      "DOWN_R": [20.0, 105.0, 0.0]
		    },
		    {
		      "category": "PAIN",
		      "UP_L": [-35.0, 140.0, 0.0],
		      "UP_R": [80.0, 140.0, 0.0],
		      "DOWN_L": [-35.0, 100.0, 0.0],
		      "DOWN_R": [80.0, 100.0, 0.0]
		    },
		    {
		      "category": "ATTACK",
		      "UP_L": [-35.0, 140.0, 0.0],
		      "UP_R": [80.0, 140.0, 0.0],
		      "DOWN_L": [-35.0, 100.0, 0.0],
		      "DOWN_R": [80.0, 100.0, 0.0]
		    }
		  ]
		}