{
  "HADO_236": {
		"skillType": "GENERATE",
	    "damage": 700,
	    "startHitFrame": 16,
	    "activeHitFrame": 0,
	    "punishFrame":16,
	    "allFrame": 47,
	    "blockstunFrame": 0,
	    "guardDir": "HI",
	    "hitType": "NORMAL",
	    "recoveryFrame": 24,
	    "animationType": {
	      "MIDDLE": "COMMAND_HADO"
	    },
	    "knockbackDirHit": [30.0, 0.0, 0.0],
	    "knockbackDirGuard": [30.0, 0.0, 0.0],
	    "level": "ONE1",
	    "generatePos": [80.0, 140.0, 0.0],
	    "scl":[50.0,50.0,50.0],
	    "colMapAtk": "236_HADO_PLAYER.json",
	    "colMapGenerate":"236_HADO_SHOT.json"
	}
}