{
		  "BEFORE": [
		    {
		      "category": "PUSH",
		      "UP_L": [-20.0, 100.0, 0.0],
		      "UP_R": [20.0, 100.0, 0.0],
		      "DOWN_L": [-20.0, 0.0, 0.0],
		      "DOWN_R": [20.0, 0.0, 0.0]
		    },
		    {
		      "category": "PAIN",
		      "UP_L": [-20.0, 100.0, 0.0],
		      "UP_R": [20.0, 100.0, 0.0],
		      "DOWN_L": [-20.0, 0.0, 0.0],
		      "DOWN_R": [20.0, 0.0, 0.0]
		    }
		  ],
		  "PUNISH": [
		    {
		      "category": "PUSH",
		      "UP_L": [-20.0, 100.0, 0.0],
		      "UP_R": [20.0, 100.0, 0.0],
		      "DOWN_L": [-20.0, 0.0, 0.0],
		      "DOWN_R": [20.0, 0.0, 0.0]
		    },
		    {
		      "category": "PAIN",
		      "UP_L": [-20.0, 100.0, 0.0],
		      "UP_R": [20.0, 100.0, 0.0],
		      "DOWN_L": [-20.0, 0.0, 0.0],
		      "DOWN_R": [20.0, 0.0, 0.0]
		    }
		  ],
		  "ATTACKING": [
		    {
		      "category": "PUSH",
		      "UP_L": [-20.0, 100.0, 0.0],
		      "UP_R": [20.0, 100.0, 0.0],
		      "DOWN_L": [-20.0, 0.0, 0.0],
		      "DOWN_R": [20.0, 0.0, 0.0]
		    },
		    {
		      "category": "PAIN",
		      "UP_L": [-20.0, 100.0, 0.0],
		      "UP_R": [20.0, 100.0, 0.0],
		      "DOWN_L": [-20.0, 0.0, 0.0],
		      "DOWN_R": [20.0, 0.0, 0.0]
		    }
		  ]
		}