{
 "JSON_TYPE": "ATTACK_DATA",
 "LOW_2": {
  "damage": 300,
  "canCancel": [
    "MIDDLE_2",
    "MIDDLE_5",
    "HI_2",
    "SPECIAL_2",
    "COMMAND"
  ],
  "startHitFrame": 4,
  "activeHitFrame": 2,
  "punishFrame": 9,
  "allFrame": 15,
  "blockstunFrame": 10,
  "guardDir": "HI",
  "hitType": "NORMAL",
  "recoveryFrame": 15,
  "animationType": {
    "LEFT": "ATTACK_2L_L",
    "RIGHT": "ATTACK_2L_R"
  },
  "knockbackDirHit": [30.0, 0.0, 0.0],
  "knockbackDirGuard": [30.0, 0.0, 0.0],
  "level": "ONE1",
  "cancelTime": 6,
  "colMapAtk": "2L.json"
}
}