{
 "JSON_TYPE": "ATTACK_DATA",
  "HI_5": {
	    "damage": 900,
	    "canCancel": [
	      "COMMAND"
	    ],
	    "startHitFrame": 12,
	    "activeHitFrame": 3,
	    "punishFrame":20,
	    "allFrame": 35,
	    "blockstunFrame": 24,
	    "guardDir": "HI",
	    "hitType": "NORMAL",
	    "recoveryFrame": 32,
	    "animationType": {
	      "MIDDLE": "ATTACK_5H"
	    },
	    "knockbackDirHit": [30.0, 0.0, 0.0],
	    "knockbackDirGuard": [30.0, 0.0, 0.0],
	    "level": "ONE1",
	    "cancelTime": 6,
	    "colMapAtk": "5H.json"
	}
}