{
 "JSON_TYPE": "ATTACK_DATA",
  "LOW_5": {
	    "damage": 300,
	    "canCancel": [
	      "LOW_2",
	      "MIDDLE_5",
	      "MIDDLE_2",
	      "HI_5",
	      "HI_2",
	      "SPECIAL_2",
	      "COMMAND"
	    ],
	    "startHitFrame": 4,
	    "activeHitFrame": 3,
	    "punishFrame": 7,
	    "allFrame": 14,
	    "blockstunFrame": 9,
	    "guardDir": "HI",
	    "hitType": "NORMAL",
	    "recoveryFrame": 14,
	    "animationType": {
	      "LEFT": "ATTACK_5L_L",
	      "RIGHT": "ATTACK_5L_R"
	    },
	    "knockbackDirHit": [30.0, 0.0, 0.0],
	    "knockbackDirGuard": [30.0, 0.0, 0.0],
	    "level": "ONE1",
	    "cancelTime": 4,
	    "colMapAtk": "5L.json"
	}
}