{
 "JSON_TYPE": "ATTACK_DATA",
  "MIDDLE_5": {
	    "damage": 700,
	    "canCancel": [
	      "NONE"
	    ],
	    "startHitFrame": 9,
	    "activeHitFrame": 2,
	    "punishFrame":18,
	    "allFrame": 29,
	    "blockstunFrame": 16,
	    "guardDir": "HI",
	    "hitType": "NORMAL",
	    "recoveryFrame": 24,
	    "animationType": {
	      "MIDDLE": "ATTACK_5M"
	    },
	    "knockbackDirHit": [30.0, 0.0, 0.0],
	    "knockbackDirGuard": [30.0, 0.0, 0.0],
	    "level": "ONE1",
	    "cancelTime": 6,
	    "colMapAtk": "5M.json"
	}
}