{
 "JSON_TYPE": "ATTACK_DATA",
  "HI_J": {
	    "damage": 900,
	    "canCancel": [
	      "NONE"
	    ],
	    "startHitFrame": 12,
	    "activeHitFrame": 8,
	    "punishFrame":10,
	    "allFrame": 30,
	    "blockstunFrame": 15,
	    "guardDir": "MIDDLE",
	    "hitType": "NORMAL",
	    "recoveryFrame": 19,
	    "animationType": {
	      "MIDDLE": "ATTACK_JH"
	    },
	    "knockbackDirHit": [30.0, 0.0, 0.0],
	    "knockbackDirGuard": [30.0, 0.0, 0.0],
	    "level": "ONE1",
	    "cancelTime": 6,
	    "colMapAtk": "JH.json"
	}
}