{
 "JSON_TYPE": "ATTACK_DATA",
  "MIDDLE_J": {
	    "damage": 700,
	    "canCancel": [
	      "NONE"
	    ],
	    "startHitFrame": 6,
	    "activeHitFrame": 6,
	    "punishFrame":10,
	    "allFrame": 22,
	    "blockstunFrame": 13,
	    "guardDir": "MIDDLE",
	    "hitType": "NORMAL",
	    "recoveryFrame": 17,
	    "animationType": {
	      "MIDDLE": "ATTACK_JM"
	    },
	    "knockbackDirHit": [30.0, 0.0, 0.0],
	    "knockbackDirGuard": [30.0, 0.0, 0.0],
	    "level": "ONE1",
	    "cancelTime": 6,
	    "colMapAtk": "JM.json"
	}
}